model,dataset,target,horizon,store,product,lookback,lstm_units,dropout,lr,batch_size,activation,smape,mase,rmse,rmsle
LSTM-EntityEmbedding-HBO,retail_inventory_daily,Units Sold,7,S001,P0001,30,128,0.25624440198425424,0.000225332406953683,256,relu,35.486614,0.85587126,39.14619827270508,0.47069621086120605
LSTM-EntityEmbedding-HBO,retail_inventory_daily,Units Sold,7,S001,P0002,30,128,0.25624440198425424,0.000225332406953683,256,relu,29.484097,0.6495944,33.73303985595703,0.42862409353256226
LSTM-EntityEmbedding-HBO,retail_inventory_daily,Units Sold,7,S001,P0003,30,128,0.25624440198425424,0.000225332406953683,256,relu,35.240692,0.7300741,49.52546691894531,0.5418204069137573
LSTM-EntityEmbedding-HBO,retail_inventory_daily,Units Sold,7,S001,P0004,30,128,0.25624440198425424,0.000225332406953683,256,relu,39.740208,0.78336716,35.75580978393555,0.696344256401062
LSTM-EntityEmbedding-HBO,retail_inventory_daily,Units Sold,7,S001,P0005,30,128,0.25624440198425424,0.000225332406953683,256,relu,34.50156,0.6683294,39.260257720947266,0.4317905604839325
LSTM-EntityEmbedding-HBO,retail_inventory_daily,Units Sold,7,S001,P0006,30,128,0.25624440198425424,0.000225332406953683,256,relu,46.603794,0.74296755,43.07624435424805,0.9245800971984863
LSTM-EntityEmbedding-HBO,retail_inventory_daily,Units Sold,7,S001,P0007,30,128,0.25624440198425424,0.000225332406953683,256,relu,41.632793,0.79482895,52.20601272583008,0.6248354315757751
LSTM-EntityEmbedding-HBO,retail_inventory_daily,Units Sold,7,S001,P0008,30,128,0.25624440198425424,0.000225332406953683,256,relu,33.81664,0.74420404,31.628211975097656,0.45124515891075134
LSTM-EntityEmbedding-HBO,retail_inventory_daily,Units Sold,7,S001,P0009,30,128,0.25624440198425424,0.000225332406953683,256,relu,31.565746,0.8498315,44.409183502197266,0.4153214395046234
LSTM-EntityEmbedding-HBO,retail_inventory_daily,Units Sold,7,S001,P0010,30,128,0.25624440198425424,0.000225332406953683,256,relu,33.558525,0.7105945,28.936983108520508,0.44997331500053406
LSTM-EntityEmbedding-HBO,retail_inventory_daily,Units Sold,7,S001,P0011,30,128,0.25624440198425424,0.000225332406953683,256,relu,37.83206,0.7606351,31.433351516723633,0.5138227343559265
LSTM-EntityEmbedding-HBO,retail_inventory_daily,Units Sold,7,S001,P0012,30,128,0.25624440198425424,0.000225332406953683,256,relu,36.30925,0.70285946,42.90244674682617,0.5379483699798584
LSTM-EntityEmbedding-HBO,retail_inventory_daily,Units Sold,7,S001,P0013,30,128,0.25624440198425424,0.000225332406953683,256,relu,44.579308,0.8564445,37.923030853271484,0.6624752879142761
LSTM-EntityEmbedding-HBO,retail_inventory_daily,Units Sold,7,S001,P0014,30,128,0.25624440198425424,0.000225332406953683,256,relu,37.647423,0.72868687,42.97273254394531,0.5737442374229431
LSTM-EntityEmbedding-HBO,retail_inventory_daily,Units Sold,7,S001,P0015,30,128,0.25624440198425424,0.000225332406953683,256,relu,39.37179,0.76798797,33.622623443603516,0.5967134833335876
LSTM-EntityEmbedding-HBO,retail_inventory_daily,Units Sold,7,S001,P0016,30,128,0.25624440198425424,0.000225332406953683,256,relu,37.894585,0.62466925,44.820186614990234,0.6917803287506104
LSTM-EntityEmbedding-HBO,retail_inventory_daily,Units Sold,7,S001,P0017,30,128,0.25624440198425424,0.000225332406953683,256,relu,41.71992,0.7752318,33.55982971191406,0.6896026134490967
LSTM-EntityEmbedding-HBO,retail_inventory_daily,Units Sold,7,S001,P0018,30,128,0.25624440198425424,0.000225332406953683,256,relu,32.633366,0.77318585,38.57725143432617,0.43152889609336853
LSTM-EntityEmbedding-HBO,retail_inventory_daily,Units Sold,7,S001,P0019,30,128,0.25624440198425424,0.000225332406953683,256,relu,39.604496,0.868611,29.549610137939453,0.5562940239906311
LSTM-EntityEmbedding-HBO,retail_inventory_daily,Units Sold,7,S001,P0020,30,128,0.25624440198425424,0.000225332406953683,256,relu,42.68151,0.75642866,30.60854721069336,0.5960302352905273
LSTM-EntityEmbedding-HBO,retail_inventory_daily,Units Sold,7,S002,P0001,30,128,0.25624440198425424,0.000225332406953683,256,relu,40.784786,0.77329,49.52724075317383,0.551016628742218
LSTM-EntityEmbedding-HBO,retail_inventory_daily,Units Sold,7,S002,P0002,30,128,0.25624440198425424,0.000225332406953683,256,relu,45.18197,0.7844017,41.02597427368164,0.6261662840843201
LSTM-EntityEmbedding-HBO,retail_inventory_daily,Units Sold,7,S002,P0003,30,128,0.25624440198425424,0.000225332406953683,256,relu,38.81704,0.70659935,41.44823455810547,0.6211012005805969
LSTM-EntityEmbedding-HBO,retail_inventory_daily,Units Sold,7,S002,P0004,30,128,0.25624440198425424,0.000225332406953683,256,relu,32.097424,0.6479954,39.722877502441406,0.41848787665367126
LSTM-EntityEmbedding-HBO,retail_inventory_daily,Units Sold,7,S002,P0005,30,128,0.25624440198425424,0.000225332406953683,256,relu,37.54596,0.7714113,39.028255462646484,0.5113651156425476
LSTM-EntityEmbedding-HBO,retail_inventory_daily,Units Sold,7,S002,P0006,30,128,0.25624440198425424,0.000225332406953683,256,relu,29.757128,0.7751284,34.8548583984375,0.42249825596809387
LSTM-EntityEmbedding-HBO,retail_inventory_daily,Units Sold,7,S002,P0007,30,128,0.25624440198425424,0.000225332406953683,256,relu,49.583073,0.90840316,43.64113235473633,0.7284733653068542
LSTM-EntityEmbedding-HBO,retail_inventory_daily,Units Sold,7,S002,P0008,30,128,0.25624440198425424,0.000225332406953683,256,relu,28.97438,0.6343992,33.98907470703125,0.4247363209724426
LSTM-EntityEmbedding-HBO,retail_inventory_daily,Units Sold,7,S002,P0009,30,128,0.25624440198425424,0.000225332406953683,256,relu,37.382202,0.7821174,48.003780364990234,0.6670110821723938
LSTM-EntityEmbedding-HBO,retail_inventory_daily,Units Sold,7,S002,P0010,30,128,0.25624440198425424,0.000225332406953683,256,relu,27.84994,0.7066711,33.43985366821289,0.3438112139701843
LSTM-EntityEmbedding-HBO,retail_inventory_daily,Units Sold,7,S002,P0011,30,128,0.25624440198425424,0.000225332406953683,256,relu,41.502426,0.73411894,47.64394760131836,0.8710295557975769
LSTM-EntityEmbedding-HBO,retail_inventory_daily,Units Sold,7,S002,P0012,30,128,0.25624440198425424,0.000225332406953683,256,relu,33.532333,0.6627046,34.31852722167969,0.468094140291214
LSTM-EntityEmbedding-HBO,retail_inventory_daily,Units Sold,7,S002,P0013,30,128,0.25624440198425424,0.000225332406953683,256,relu,40.275593,0.65554816,44.859073638916016,0.6826238632202148
LSTM-EntityEmbedding-HBO,retail_inventory_daily,Units Sold,7,S002,P0014,30,128,0.25624440198425424,0.000225332406953683,256,relu,44.610725,0.8509386,40.676673889160156,0.8037580847740173
LSTM-EntityEmbedding-HBO,retail_inventory_daily,Units Sold,7,S002,P0015,30,128,0.25624440198425424,0.000225332406953683,256,relu,36.220703,0.7562675,44.5766716003418,0.8048446774482727
LSTM-EntityEmbedding-HBO,retail_inventory_daily,Units Sold,7,S002,P0016,30,128,0.25624440198425424,0.000225332406953683,256,relu,34.701996,0.7680944,41.247493743896484,0.6413003206253052
LSTM-EntityEmbedding-HBO,retail_inventory_daily,Units Sold,7,S002,P0017,30,128,0.25624440198425424,0.000225332406953683,256,relu,48.866253,0.8050597,44.08401107788086,0.8525674939155579
LSTM-EntityEmbedding-HBO,retail_inventory_daily,Units Sold,7,S002,P0018,30,128,0.25624440198425424,0.000225332406953683,256,relu,29.264942,0.74130553,29.524446487426758,0.4114539325237274
LSTM-EntityEmbedding-HBO,retail_inventory_daily,Units Sold,7,S002,P0019,30,128,0.25624440198425424,0.000225332406953683,256,relu,32.70237,0.6796715,38.032020568847656,0.6465662717819214
LSTM-EntityEmbedding-HBO,retail_inventory_daily,Units Sold,7,S002,P0020,30,128,0.25624440198425424,0.000225332406953683,256,relu,42.571877,0.87063986,32.961952209472656,0.539944589138031
LSTM-EntityEmbedding-HBO,retail_inventory_daily,Units Sold,7,S003,P0001,30,128,0.25624440198425424,0.000225332406953683,256,relu,50.014202,0.87430954,44.0147819519043,0.9512837529182434
LSTM-EntityEmbedding-HBO,retail_inventory_daily,Units Sold,7,S003,P0002,30,128,0.25624440198425424,0.000225332406953683,256,relu,40.32765,0.72443783,46.18775177001953,0.7269017696380615
LSTM-EntityEmbedding-HBO,retail_inventory_daily,Units Sold,7,S003,P0003,30,128,0.25624440198425424,0.000225332406953683,256,relu,33.168396,0.7791468,34.346195220947266,0.48469582200050354
LSTM-EntityEmbedding-HBO,retail_inventory_daily,Units Sold,7,S003,P0004,30,128,0.25624440198425424,0.000225332406953683,256,relu,39.32429,0.8041266,50.552268981933594,0.7250953912734985
LSTM-EntityEmbedding-HBO,retail_inventory_daily,Units Sold,7,S003,P0005,30,128,0.25624440198425424,0.000225332406953683,256,relu,49.882935,0.830466,45.41507339477539,0.8593084216117859
LSTM-EntityEmbedding-HBO,retail_inventory_daily,Units Sold,7,S003,P0006,30,128,0.25624440198425424,0.000225332406953683,256,relu,39.328247,0.7921659,33.70892333984375,0.6070244312286377
LSTM-EntityEmbedding-HBO,retail_inventory_daily,Units Sold,7,S003,P0007,30,128,0.25624440198425424,0.000225332406953683,256,relu,33.947174,0.6766645,43.76927947998047,0.4992263615131378
LSTM-EntityEmbedding-HBO,retail_inventory_daily,Units Sold,7,S003,P0008,30,128,0.25624440198425424,0.000225332406953683,256,relu,31.50594,0.7618445,41.17881393432617,0.3822028934955597
LSTM-EntityEmbedding-HBO,retail_inventory_daily,Units Sold,7,S003,P0009,30,128,0.25624440198425424,0.000225332406953683,256,relu,33.78415,0.8116813,37.7359619140625,0.43986040353775024
LSTM-EntityEmbedding-HBO,retail_inventory_daily,Units Sold,7,S003,P0010,30,128,0.25624440198425424,0.000225332406953683,256,relu,32.354443,0.7086835,36.397239685058594,0.540719211101532
LSTM-EntityEmbedding-HBO,retail_inventory_daily,Units Sold,7,S003,P0011,30,128,0.25624440198425424,0.000225332406953683,256,relu,40.939102,0.7743024,41.461830139160156,0.9461804628372192
LSTM-EntityEmbedding-HBO,retail_inventory_daily,Units Sold,7,S003,P0012,30,128,0.25624440198425424,0.000225332406953683,256,relu,39.481075,0.7824501,30.912803649902344,0.6547835469245911
LSTM-EntityEmbedding-HBO,retail_inventory_daily,Units Sold,7,S003,P0013,30,128,0.25624440198425424,0.000225332406953683,256,relu,37.401756,0.6457876,42.37828063964844,0.8590717911720276
LSTM-EntityEmbedding-HBO,retail_inventory_daily,Units Sold,7,S003,P0014,30,128,0.25624440198425424,0.000225332406953683,256,relu,35.32992,0.7950189,45.78036880493164,0.4401262402534485
LSTM-EntityEmbedding-HBO,retail_inventory_daily,Units Sold,7,S003,P0015,30,128,0.25624440198425424,0.000225332406953683,256,relu,38.190044,0.68146574,44.20433044433594,0.7969250679016113
LSTM-EntityEmbedding-HBO,retail_inventory_daily,Units Sold,7,S003,P0016,30,128,0.25624440198425424,0.000225332406953683,256,relu,36.019577,0.6951481,41.28562927246094,0.48148465156555176
LSTM-EntityEmbedding-HBO,retail_inventory_daily,Units Sold,7,S003,P0017,30,128,0.25624440198425424,0.000225332406953683,256,relu,42.708492,0.8402913,31.302478790283203,0.7040214538574219
LSTM-EntityEmbedding-HBO,retail_inventory_daily,Units Sold,7,S003,P0018,30,128,0.25624440198425424,0.000225332406953683,256,relu,41.716736,0.874965,32.3343391418457,0.5635625123977661
LSTM-EntityEmbedding-HBO,retail_inventory_daily,Units Sold,7,S003,P0019,30,128,0.25624440198425424,0.000225332406953683,256,relu,25.689331,0.59896225,29.298080444335938,0.36604729294776917
LSTM-EntityEmbedding-HBO,retail_inventory_daily,Units Sold,7,S003,P0020,30,128,0.25624440198425424,0.000225332406953683,256,relu,30.870611,0.74309033,46.26824951171875,0.39677730202674866
LSTM-EntityEmbedding-HBO,retail_inventory_daily,Units Sold,7,S004,P0001,30,128,0.25624440198425424,0.000225332406953683,256,relu,37.74632,0.7301609,45.83065414428711,0.7902889847755432
LSTM-EntityEmbedding-HBO,retail_inventory_daily,Units Sold,7,S004,P0002,30,128,0.25624440198425424,0.000225332406953683,256,relu,40.445713,0.6837617,43.911827087402344,0.7721928954124451
LSTM-EntityEmbedding-HBO,retail_inventory_daily,Units Sold,7,S004,P0003,30,128,0.25624440198425424,0.000225332406953683,256,relu,41.72519,0.90587157,38.78663635253906,0.5861591696739197
LSTM-EntityEmbedding-HBO,retail_inventory_daily,Units Sold,7,S004,P0004,30,128,0.25624440198425424,0.000225332406953683,256,relu,38.92172,0.7556999,49.13164520263672,0.7521141767501831
LSTM-EntityEmbedding-HBO,retail_inventory_daily,Units Sold,7,S004,P0005,30,128,0.25624440198425424,0.000225332406953683,256,relu,31.301516,0.76766163,33.415218353271484,0.41702231764793396
LSTM-EntityEmbedding-HBO,retail_inventory_daily,Units Sold,7,S004,P0006,30,128,0.25624440198425424,0.000225332406953683,256,relu,36.720646,0.66166884,43.89138412475586,0.5489944815635681
LSTM-EntityEmbedding-HBO,retail_inventory_daily,Units Sold,7,S004,P0007,30,128,0.25624440198425424,0.000225332406953683,256,relu,41.90874,0.8425116,50.28340148925781,0.7355919480323792
LSTM-EntityEmbedding-HBO,retail_inventory_daily,Units Sold,7,S004,P0008,30,128,0.25624440198425424,0.000225332406953683,256,relu,39.071857,0.8685314,27.919883728027344,0.5391678214073181
LSTM-EntityEmbedding-HBO,retail_inventory_daily,Units Sold,7,S004,P0009,30,128,0.25624440198425424,0.000225332406953683,256,relu,36.12982,0.71859354,41.68563461303711,0.80107182264328
LSTM-EntityEmbedding-HBO,retail_inventory_daily,Units Sold,7,S004,P0010,30,128,0.25624440198425424,0.000225332406953683,256,relu,40.69547,0.76477605,47.66648864746094,0.6155219674110413
LSTM-EntityEmbedding-HBO,retail_inventory_daily,Units Sold,7,S004,P0011,30,128,0.25624440198425424,0.000225332406953683,256,relu,35.382988,0.75569266,49.168861389160156,0.4992319941520691
LSTM-EntityEmbedding-HBO,retail_inventory_daily,Units Sold,7,S004,P0012,30,128,0.25624440198425424,0.000225332406953683,256,relu,32.729527,0.87778133,34.54100799560547,0.41511470079421997
LSTM-EntityEmbedding-HBO,retail_inventory_daily,Units Sold,7,S004,P0013,30,128,0.25624440198425424,0.000225332406953683,256,relu,42.20132,0.76881784,50.575927734375,0.7110435366630554
LSTM-EntityEmbedding-HBO,retail_inventory_daily,Units Sold,7,S004,P0014,30,128,0.25624440198425424,0.000225332406953683,256,relu,42.034756,0.8205931,34.298030853271484,0.5868876576423645
LSTM-EntityEmbedding-HBO,retail_inventory_daily,Units Sold,7,S004,P0015,30,128,0.25624440198425424,0.000225332406953683,256,relu,41.987225,0.80288786,32.895111083984375,0.5759541988372803
LSTM-EntityEmbedding-HBO,retail_inventory_daily,Units Sold,7,S004,P0016,30,128,0.25624440198425424,0.000225332406953683,256,relu,41.086857,0.77447075,31.47739601135254,0.7198960185050964
LSTM-EntityEmbedding-HBO,retail_inventory_daily,Units Sold,7,S004,P0017,30,128,0.25624440198425424,0.000225332406953683,256,relu,28.234676,0.6954238,33.227134704589844,0.40588924288749695
LSTM-EntityEmbedding-HBO,retail_inventory_daily,Units Sold,7,S004,P0018,30,128,0.25624440198425424,0.000225332406953683,256,relu,36.656933,0.78205365,26.445798873901367,0.5361582636833191
LSTM-EntityEmbedding-HBO,retail_inventory_daily,Units Sold,7,S004,P0019,30,128,0.25624440198425424,0.000225332406953683,256,relu,29.641962,0.75067496,35.41734313964844,0.42001646757125854
LSTM-EntityEmbedding-HBO,retail_inventory_daily,Units Sold,7,S004,P0020,30,128,0.25624440198425424,0.000225332406953683,256,relu,43.25243,0.8265391,32.98322296142578,0.7453213930130005
LSTM-EntityEmbedding-HBO,retail_inventory_daily,Units Sold,7,S005,P0001,30,128,0.25624440198425424,0.000225332406953683,256,relu,37.665386,0.6924499,44.072322845458984,0.7493823766708374
LSTM-EntityEmbedding-HBO,retail_inventory_daily,Units Sold,7,S005,P0002,30,128,0.25624440198425424,0.000225332406953683,256,relu,36.266388,0.7686077,38.642391204833984,0.45970413088798523
LSTM-EntityEmbedding-HBO,retail_inventory_daily,Units Sold,7,S005,P0003,30,128,0.25624440198425424,0.000225332406953683,256,relu,43.187534,0.8170882,36.99738311767578,0.657351553440094
LSTM-EntityEmbedding-HBO,retail_inventory_daily,Units Sold,7,S005,P0004,30,128,0.25624440198425424,0.000225332406953683,256,relu,34.201294,0.8038937,40.31891632080078,0.471159428358078
LSTM-EntityEmbedding-HBO,retail_inventory_daily,Units Sold,7,S005,P0005,30,128,0.25624440198425424,0.000225332406953683,256,relu,36.294083,0.7128756,41.746212005615234,0.818354070186615
LSTM-EntityEmbedding-HBO,retail_inventory_daily,Units Sold,7,S005,P0006,30,128,0.25624440198425424,0.000225332406953683,256,relu,35.848106,0.69307333,47.21022033691406,0.6693620681762695
LSTM-EntityEmbedding-HBO,retail_inventory_daily,Units Sold,7,S005,P0007,30,128,0.25624440198425424,0.000225332406953683,256,relu,37.084095,0.7291063,44.85075759887695,0.5178952217102051
LSTM-EntityEmbedding-HBO,retail_inventory_daily,Units Sold,7,S005,P0008,30,128,0.25624440198425424,0.000225332406953683,256,relu,30.352665,0.6972308,34.3522834777832,0.405920147895813
LSTM-EntityEmbedding-HBO,retail_inventory_daily,Units Sold,7,S005,P0009,30,128,0.25624440198425424,0.000225332406953683,256,relu,38.074944,0.7575669,44.892547607421875,0.812347412109375
LSTM-EntityEmbedding-HBO,retail_inventory_daily,Units Sold,7,S005,P0010,30,128,0.25624440198425424,0.000225332406953683,256,relu,37.196926,0.7055446,45.972286224365234,0.5045452117919922
LSTM-EntityEmbedding-HBO,retail_inventory_daily,Units Sold,7,S005,P0011,30,128,0.25624440198425424,0.000225332406953683,256,relu,42.26256,0.88724226,43.25375747680664,0.7579612135887146
LSTM-EntityEmbedding-HBO,retail_inventory_daily,Units Sold,7,S005,P0012,30,128,0.25624440198425424,0.000225332406953683,256,relu,37.94401,0.8237627,33.83439254760742,0.5735263228416443
LSTM-EntityEmbedding-HBO,retail_inventory_daily,Units Sold,7,S005,P0013,30,128,0.25624440198425424,0.000225332406953683,256,relu,40.290947,0.7270204,46.48808670043945,0.7055139541625977
LSTM-EntityEmbedding-HBO,retail_inventory_daily,Units Sold,7,S005,P0014,30,128,0.25624440198425424,0.000225332406953683,256,relu,37.965347,0.7544765,30.900604248046875,0.6638237833976746
LSTM-EntityEmbedding-HBO,retail_inventory_daily,Units Sold,7,S005,P0015,30,128,0.25624440198425424,0.000225332406953683,256,relu,37.25577,0.72280055,42.56998825073242,0.7050719857215881
LSTM-EntityEmbedding-HBO,retail_inventory_daily,Units Sold,7,S005,P0016,30,128,0.25624440198425424,0.000225332406953683,256,relu,51.13827,0.85500413,45.11967468261719,0.9185379147529602
LSTM-EntityEmbedding-HBO,retail_inventory_daily,Units Sold,7,S005,P0017,30,128,0.25624440198425424,0.000225332406953683,256,relu,43.6574,0.81326926,38.311588287353516,0.7044875025749207
LSTM-EntityEmbedding-HBO,retail_inventory_daily,Units Sold,7,S005,P0018,30,128,0.25624440198425424,0.000225332406953683,256,relu,30.179176,0.70186675,34.56061553955078,0.3721636235713959
LSTM-EntityEmbedding-HBO,retail_inventory_daily,Units Sold,7,S005,P0019,30,128,0.25624440198425424,0.000225332406953683,256,relu,40.2796,0.8104117,30.666040420532227,0.53814297914505
LSTM-EntityEmbedding-HBO,retail_inventory_daily,Units Sold,7,S005,P0020,30,128,0.25624440198425424,0.000225332406953683,256,relu,40.045734,0.78244394,33.72468948364258,0.6238426566123962
LSTM-EntityEmbedding-HBO,retail_inventory_daily,Units Sold,14,S001,P0001,30,128,0.25624440198425424,0.000225332406953683,256,relu,36.67682,0.88359237,39.94919967651367,0.4846552610397339
LSTM-EntityEmbedding-HBO,retail_inventory_daily,Units Sold,14,S001,P0002,30,128,0.25624440198425424,0.000225332406953683,256,relu,29.234596,0.6481927,34.51118087768555,0.436833918094635
LSTM-EntityEmbedding-HBO,retail_inventory_daily,Units Sold,14,S001,P0003,30,128,0.25624440198425424,0.000225332406953683,256,relu,33.478626,0.67326427,45.63180160522461,0.5355759859085083
LSTM-EntityEmbedding-HBO,retail_inventory_daily,Units Sold,14,S001,P0004,30,128,0.25624440198425424,0.000225332406953683,256,relu,41.09002,0.8145796,36.84639358520508,0.7321222424507141
LSTM-EntityEmbedding-HBO,retail_inventory_daily,Units Sold,14,S001,P0005,30,128,0.25624440198425424,0.000225332406953683,256,relu,36.151485,0.7150154,41.71855545043945,0.4531319737434387
LSTM-EntityEmbedding-HBO,retail_inventory_daily,Units Sold,14,S001,P0006,30,128,0.25624440198425424,0.000225332406953683,256,relu,46.945198,0.72988856,43.95274353027344,0.9452401995658875
LSTM-EntityEmbedding-HBO,retail_inventory_daily,Units Sold,14,S001,P0007,30,128,0.25624440198425424,0.000225332406953683,256,relu,44.226006,0.8439386,53.9411735534668,0.6502970457077026
LSTM-EntityEmbedding-HBO,retail_inventory_daily,Units Sold,14,S001,P0008,30,128,0.25624440198425424,0.000225332406953683,256,relu,32.988556,0.7277128,30.9184627532959,0.444635272026062
LSTM-EntityEmbedding-HBO,retail_inventory_daily,Units Sold,14,S001,P0009,30,128,0.25624440198425424,0.000225332406953683,256,relu,32.781483,0.8793683,46.314056396484375,0.43117469549179077
LSTM-EntityEmbedding-HBO,retail_inventory_daily,Units Sold,14,S001,P0010,30,128,0.25624440198425424,0.000225332406953683,256,relu,34.41813,0.72706825,29.724559783935547,0.4629512131214142
LSTM-EntityEmbedding-HBO,retail_inventory_daily,Units Sold,14,S001,P0011,30,128,0.25624440198425424,0.000225332406953683,256,relu,38.706104,0.78235734,31.78095245361328,0.5224671959877014
LSTM-EntityEmbedding-HBO,retail_inventory_daily,Units Sold,14,S001,P0012,30,128,0.25624440198425424,0.000225332406953683,256,relu,37.264942,0.7243931,44.02492904663086,0.5624048709869385
LSTM-EntityEmbedding-HBO,retail_inventory_daily,Units Sold,14,S001,P0013,30,128,0.25624440198425424,0.000225332406953683,256,relu,44.27452,0.827097,36.11213302612305,0.6622785329818726
LSTM-EntityEmbedding-HBO,retail_inventory_daily,Units Sold,14,S001,P0014,30,128,0.25624440198425424,0.000225332406953683,256,relu,38.150383,0.7364581,43.41743850708008,0.586890459060669
LSTM-EntityEmbedding-HBO,retail_inventory_daily,Units Sold,14,S001,P0015,30,128,0.25624440198425424,0.000225332406953683,256,relu,40.053116,0.78066146,35.212528228759766,0.6397692561149597
LSTM-EntityEmbedding-HBO,retail_inventory_daily,Units Sold,14,S001,P0016,30,128,0.25624440198425424,0.000225332406953683,256,relu,38.770935,0.6364584,45.72660446166992,0.7257747650146484
LSTM-EntityEmbedding-HBO,retail_inventory_daily,Units Sold,14,S001,P0017,30,128,0.25624440198425424,0.000225332406953683,256,relu,43.217937,0.8044616,34.954246520996094,0.7335392832756042
LSTM-EntityEmbedding-HBO,retail_inventory_daily,Units Sold,14,S001,P0018,30,128,0.25624440198425424,0.000225332406953683,256,relu,33.486202,0.7737187,38.190677642822266,0.4504072964191437
LSTM-EntityEmbedding-HBO,retail_inventory_daily,Units Sold,14,S001,P0019,30,128,0.25624440198425424,0.000225332406953683,256,relu,40.896408,0.8703982,29.190031051635742,0.5758349895477295
LSTM-EntityEmbedding-HBO,retail_inventory_daily,Units Sold,14,S001,P0020,30,128,0.25624440198425424,0.000225332406953683,256,relu,43.862255,0.7707887,31.471881866455078,0.6196227669715881
LSTM-EntityEmbedding-HBO,retail_inventory_daily,Units Sold,14,S002,P0001,30,128,0.25624440198425424,0.000225332406953683,256,relu,41.192783,0.78468436,50.434139251708984,0.5741817355155945
LSTM-EntityEmbedding-HBO,retail_inventory_daily,Units Sold,14,S002,P0002,30,128,0.25624440198425424,0.000225332406953683,256,relu,44.723675,0.78160614,41.472206115722656,0.6491600275039673
LSTM-EntityEmbedding-HBO,retail_inventory_daily,Units Sold,14,S002,P0003,30,128,0.25624440198425424,0.000225332406953683,256,relu,40.904694,0.75035614,43.469356536865234,0.6503594517707825
LSTM-EntityEmbedding-HBO,retail_inventory_daily,Units Sold,14,S002,P0004,30,128,0.25624440198425424,0.000225332406953683,256,relu,33.51935,0.6826647,41.4097785949707,0.44096630811691284
LSTM-EntityEmbedding-HBO,retail_inventory_daily,Units Sold,14,S002,P0005,30,128,0.25624440198425424,0.000225332406953683,256,relu,38.72641,0.7798068,38.86976623535156,0.5241734981536865
LSTM-EntityEmbedding-HBO,retail_inventory_daily,Units Sold,14,S002,P0006,30,128,0.25624440198425424,0.000225332406953683,256,relu,29.439646,0.74759656,33.5094108581543,0.42249685525894165
LSTM-EntityEmbedding-HBO,retail_inventory_daily,Units Sold,14,S002,P0007,30,128,0.25624440198425424,0.000225332406953683,256,relu,49.10084,0.8829141,43.12400436401367,0.7434424161911011
LSTM-EntityEmbedding-HBO,retail_inventory_daily,Units Sold,14,S002,P0008,30,128,0.25624440198425424,0.000225332406953683,256,relu,31.089598,0.67486244,35.466251373291016,0.44307374954223633
LSTM-EntityEmbedding-HBO,retail_inventory_daily,Units Sold,14,S002,P0009,30,128,0.25624440198425424,0.000225332406953683,256,relu,35.45236,0.7368376,41.71651840209961,0.46744170784950256
LSTM-EntityEmbedding-HBO,retail_inventory_daily,Units Sold,14,S002,P0010,30,128,0.25624440198425424,0.000225332406953683,256,relu,28.720701,0.729416,34.241302490234375,0.35009029507637024
LSTM-EntityEmbedding-HBO,retail_inventory_daily,Units Sold,14,S002,P0011,30,128,0.25624440198425424,0.000225332406953683,256,relu,41.399296,0.7256388,47.19199752807617,0.8900050520896912
LSTM-EntityEmbedding-HBO,retail_inventory_daily,Units Sold,14,S002,P0012,30,128,0.25624440198425424,0.000225332406953683,256,relu,35.242676,0.6997584,36.2734489440918,0.4941936135292053
LSTM-EntityEmbedding-HBO,retail_inventory_daily,Units Sold,14,S002,P0013,30,128,0.25624440198425424,0.000225332406953683,256,relu,41.169567,0.6710186,46.17430877685547,0.7180162072181702
LSTM-EntityEmbedding-HBO,retail_inventory_daily,Units Sold,14,S002,P0014,30,128,0.25624440198425424,0.000225332406953683,256,relu,45.555653,0.87823546,42.01597595214844,0.8326811790466309
LSTM-EntityEmbedding-HBO,retail_inventory_daily,Units Sold,14,S002,P0015,30,128,0.25624440198425424,0.000225332406953683,256,relu,35.99759,0.7338362,43.68877410888672,0.8249459266662598
LSTM-EntityEmbedding-HBO,retail_inventory_daily,Units Sold,14,S002,P0016,30,128,0.25624440198425424,0.000225332406953683,256,relu,36.127903,0.79787016,42.488582611083984,0.6586219668388367
LSTM-EntityEmbedding-HBO,retail_inventory_daily,Units Sold,14,S002,P0017,30,128,0.25624440198425424,0.000225332406953683,256,relu,50.838387,0.8289819,44.53657913208008,0.889910101890564
LSTM-EntityEmbedding-HBO,retail_inventory_daily,Units Sold,14,S002,P0018,30,128,0.25624440198425424,0.000225332406953683,256,relu,30.901257,0.7752396,30.695852279663086,0.42588624358177185
LSTM-EntityEmbedding-HBO,retail_inventory_daily,Units Sold,14,S002,P0019,30,128,0.25624440198425424,0.000225332406953683,256,relu,33.606884,0.6876696,38.22666931152344,0.6599593758583069
LSTM-EntityEmbedding-HBO,retail_inventory_daily,Units Sold,14,S002,P0020,30,128,0.25624440198425424,0.000225332406953683,256,relu,42.026314,0.83497244,31.403141021728516,0.5320382714271545
LSTM-EntityEmbedding-HBO,retail_inventory_daily,Units Sold,14,S003,P0001,30,128,0.25624440198425424,0.000225332406953683,256,relu,51.431934,0.8981695,45.06199645996094,0.982271134853363
LSTM-EntityEmbedding-HBO,retail_inventory_daily,Units Sold,14,S003,P0002,30,128,0.25624440198425424,0.000225332406953683,256,relu,41.747917,0.7531695,47.63398742675781,0.756757915019989
LSTM-EntityEmbedding-HBO,retail_inventory_daily,Units Sold,14,S003,P0003,30,128,0.25624440198425424,0.000225332406953683,256,relu,34.514175,0.8119987,36.23622131347656,0.5190872550010681
LSTM-EntityEmbedding-HBO,retail_inventory_daily,Units Sold,14,S003,P0004,30,128,0.25624440198425424,0.000225332406953683,256,relu,40.916847,0.84017986,52.165245056152344,0.7662311792373657
LSTM-EntityEmbedding-HBO,retail_inventory_daily,Units Sold,14,S003,P0005,30,128,0.25624440198425424,0.000225332406953683,256,relu,49.327755,0.81995267,45.34588623046875,0.8729065656661987
LSTM-EntityEmbedding-HBO,retail_inventory_daily,Units Sold,14,S003,P0006,30,128,0.25624440198425424,0.000225332406953683,256,relu,41.28894,0.8298409,35.945133209228516,0.6551958322525024
LSTM-EntityEmbedding-HBO,retail_inventory_daily,Units Sold,14,S003,P0007,30,128,0.25624440198425424,0.000225332406953683,256,relu,34.06047,0.6865251,44.897247314453125,0.5126777291297913
LSTM-EntityEmbedding-HBO,retail_inventory_daily,Units Sold,14,S003,P0008,30,128,0.25624440198425424,0.000225332406953683,256,relu,31.217075,0.73966986,39.22969055175781,0.37322288751602173
LSTM-EntityEmbedding-HBO,retail_inventory_daily,Units Sold,14,S003,P0009,30,128,0.25624440198425424,0.000225332406953683,256,relu,34.085068,0.81726223,37.94169616699219,0.4509979486465454
LSTM-EntityEmbedding-HBO,retail_inventory_daily,Units Sold,14,S003,P0010,30,128,0.25624440198425424,0.000225332406953683,256,relu,31.430603,0.7001344,35.582550048828125,0.5183690190315247
LSTM-EntityEmbedding-HBO,retail_inventory_daily,Units Sold,14,S003,P0011,30,128,0.25624440198425424,0.000225332406953683,256,relu,43.11687,0.8072235,42.814144134521484,0.9868713617324829
LSTM-EntityEmbedding-HBO,retail_inventory_daily,Units Sold,14,S003,P0012,30,128,0.25624440198425424,0.000225332406953683,256,relu,40.929268,0.8136976,32.37053298950195,0.682396650314331
LSTM-EntityEmbedding-HBO,retail_inventory_daily,Units Sold,14,S003,P0013,30,128,0.25624440198425424,0.000225332406953683,256,relu,39.17571,0.6848815,44.068206787109375,0.8959295749664307
LSTM-EntityEmbedding-HBO,retail_inventory_daily,Units Sold,14,S003,P0014,30,128,0.25624440198425424,0.000225332406953683,256,relu,35.06364,0.79668796,45.549560546875,0.4470987915992737
LSTM-EntityEmbedding-HBO,retail_inventory_daily,Units Sold,14,S003,P0015,30,128,0.25624440198425424,0.000225332406953683,256,relu,39.148,0.6896005,44.81046676635742,0.8266931772232056
LSTM-EntityEmbedding-HBO,retail_inventory_daily,Units Sold,14,S003,P0016,30,128,0.25624440198425424,0.000225332406953683,256,relu,36.227764,0.69793004,42.25068664550781,0.49521416425704956
LSTM-EntityEmbedding-HBO,retail_inventory_daily,Units Sold,14,S003,P0017,30,128,0.25624440198425424,0.000225332406953683,256,relu,42.834057,0.8467368,32.50305938720703,0.7484683990478516
LSTM-EntityEmbedding-HBO,retail_inventory_daily,Units Sold,14,S003,P0018,30,128,0.25624440198425424,0.000225332406953683,256,relu,41.23378,0.862516,31.70760154724121,0.5516413450241089
LSTM-EntityEmbedding-HBO,retail_inventory_daily,Units Sold,14,S003,P0019,30,128,0.25624440198425424,0.000225332406953683,256,relu,25.614494,0.5947775,29.497478485107422,0.37244701385498047
LSTM-EntityEmbedding-HBO,retail_inventory_daily,Units Sold,14,S003,P0020,30,128,0.25624440198425424,0.000225332406953683,256,relu,30.170895,0.72457504,46.48680877685547,0.3948240876197815
LSTM-EntityEmbedding-HBO,retail_inventory_daily,Units Sold,14,S004,P0001,30,128,0.25624440198425424,0.000225332406953683,256,relu,39.275593,0.75430775,47.2694206237793,0.8269532322883606
LSTM-EntityEmbedding-HBO,retail_inventory_daily,Units Sold,14,S004,P0002,30,128,0.25624440198425424,0.000225332406953683,256,relu,42.76042,0.7208069,45.25351333618164,0.8089306950569153
LSTM-EntityEmbedding-HBO,retail_inventory_daily,Units Sold,14,S004,P0003,30,128,0.25624440198425424,0.000225332406953683,256,relu,43.51525,0.9359533,39.9597282409668,0.6086732745170593
LSTM-EntityEmbedding-HBO,retail_inventory_daily,Units Sold,14,S004,P0004,30,128,0.25624440198425424,0.000225332406953683,256,relu,39.14329,0.7530933,48.74732208251953,0.7605339884757996
LSTM-EntityEmbedding-HBO,retail_inventory_daily,Units Sold,14,S004,P0005,30,128,0.25624440198425424,0.000225332406953683,256,relu,31.466305,0.7673061,33.602779388427734,0.41662687063217163
LSTM-EntityEmbedding-HBO,retail_inventory_daily,Units Sold,14,S004,P0006,30,128,0.25624440198425424,0.000225332406953683,256,relu,35.23685,0.6211458,39.53517150878906,0.49498140811920166
LSTM-EntityEmbedding-HBO,retail_inventory_daily,Units Sold,14,S004,P0007,30,128,0.25624440198425424,0.000225332406953683,256,relu,40.846466,0.84806263,51.26122283935547,0.5704967379570007
LSTM-EntityEmbedding-HBO,retail_inventory_daily,Units Sold,14,S004,P0008,30,128,0.25624440198425424,0.000225332406953683,256,relu,39.771366,0.8751357,27.985109329223633,0.547146737575531
LSTM-EntityEmbedding-HBO,retail_inventory_daily,Units Sold,14,S004,P0009,30,128,0.25624440198425424,0.000225332406953683,256,relu,35.539402,0.69901884,40.156402587890625,0.8153051137924194
LSTM-EntityEmbedding-HBO,retail_inventory_daily,Units Sold,14,S004,P0010,30,128,0.25624440198425424,0.000225332406953683,256,relu,41.399048,0.77027416,48.10151290893555,0.6280685663223267
LSTM-EntityEmbedding-HBO,retail_inventory_daily,Units Sold,14,S004,P0011,30,128,0.25624440198425424,0.000225332406953683,256,relu,35.812614,0.78027046,51.19388961791992,0.5030110478401184
LSTM-EntityEmbedding-HBO,retail_inventory_daily,Units Sold,14,S004,P0012,30,128,0.25624440198425424,0.000225332406953683,256,relu,34.22979,0.9108207,35.1412467956543,0.42388471961021423
LSTM-EntityEmbedding-HBO,retail_inventory_daily,Units Sold,14,S004,P0013,30,128,0.25624440198425424,0.000225332406953683,256,relu,40.911022,0.72922003,48.02792739868164,0.7009831070899963
LSTM-EntityEmbedding-HBO,retail_inventory_daily,Units Sold,14,S004,P0014,30,128,0.25624440198425424,0.000225332406953683,256,relu,41.173874,0.78771055,33.48920822143555,0.5722280740737915
LSTM-EntityEmbedding-HBO,retail_inventory_daily,Units Sold,14,S004,P0015,30,128,0.25624440198425424,0.000225332406953683,256,relu,42.572464,0.7900913,31.963478088378906,0.5876391530036926
LSTM-EntityEmbedding-HBO,retail_inventory_daily,Units Sold,14,S004,P0016,30,128,0.25624440198425424,0.000225332406953683,256,relu,42.46719,0.79505014,31.953941345214844,0.7312135696411133
LSTM-EntityEmbedding-HBO,retail_inventory_daily,Units Sold,14,S004,P0017,30,128,0.25624440198425424,0.000225332406953683,256,relu,28.71759,0.7022589,32.814002990722656,0.4009094834327698
LSTM-EntityEmbedding-HBO,retail_inventory_daily,Units Sold,14,S004,P0018,30,128,0.25624440198425424,0.000225332406953683,256,relu,36.015892,0.74789864,25.674592971801758,0.5343258380889893
LSTM-EntityEmbedding-HBO,retail_inventory_daily,Units Sold,14,S004,P0019,30,128,0.25624440198425424,0.000225332406953683,256,relu,28.500196,0.72310954,35.01345443725586,0.4142337441444397
LSTM-EntityEmbedding-HBO,retail_inventory_daily,Units Sold,14,S004,P0020,30,128,0.25624440198425424,0.000225332406953683,256,relu,42.49577,0.79160655,32.16588592529297,0.7454966902732849
LSTM-EntityEmbedding-HBO,retail_inventory_daily,Units Sold,14,S005,P0001,30,128,0.25624440198425424,0.000225332406953683,256,relu,38.440166,0.69033885,42.1986083984375,0.7738063931465149
LSTM-EntityEmbedding-HBO,retail_inventory_daily,Units Sold,14,S005,P0002,30,128,0.25624440198425424,0.000225332406953683,256,relu,38.099083,0.80251116,39.61359405517578,0.4785971939563751
LSTM-EntityEmbedding-HBO,retail_inventory_daily,Units Sold,14,S005,P0003,30,128,0.25624440198425424,0.000225332406953683,256,relu,43.72426,0.82854307,39.085208892822266,0.722500741481781
LSTM-EntityEmbedding-HBO,retail_inventory_daily,Units Sold,14,S005,P0004,30,128,0.25624440198425424,0.000225332406953683,256,relu,34.47652,0.8096911,40.73438262939453,0.48757264018058777
LSTM-EntityEmbedding-HBO,retail_inventory_daily,Units Sold,14,S005,P0005,30,128,0.25624440198425424,0.000225332406953683,256,relu,37.14776,0.72222584,42.84968566894531,0.8542314767837524
LSTM-EntityEmbedding-HBO,retail_inventory_daily,Units Sold,14,S005,P0006,30,128,0.25624440198425424,0.000225332406953683,256,relu,37.184692,0.72570604,48.7091064453125,0.7046387195587158
LSTM-EntityEmbedding-HBO,retail_inventory_daily,Units Sold,14,S005,P0007,30,128,0.25624440198425424,0.000225332406953683,256,relu,37.516052,0.7551739,45.83916091918945,0.5180968642234802
LSTM-EntityEmbedding-HBO,retail_inventory_daily,Units Sold,14,S005,P0008,30,128,0.25624440198425424,0.000225332406953683,256,relu,30.678726,0.6961868,34.09799575805664,0.4106636643409729
LSTM-EntityEmbedding-HBO,retail_inventory_daily,Units Sold,14,S005,P0009,30,128,0.25624440198425424,0.000225332406953683,256,relu,38.27811,0.7717051,45.75825119018555,0.8448293209075928
LSTM-EntityEmbedding-HBO,retail_inventory_daily,Units Sold,14,S005,P0010,30,128,0.25624440198425424,0.000225332406953683,256,relu,37.186924,0.72407204,46.531715393066406,0.49926647543907166
LSTM-EntityEmbedding-HBO,retail_inventory_daily,Units Sold,14,S005,P0011,30,128,0.25624440198425424,0.000225332406953683,256,relu,43.79529,0.9224319,44.22599792480469,0.7852503061294556
LSTM-EntityEmbedding-HBO,retail_inventory_daily,Units Sold,14,S005,P0012,30,128,0.25624440198425424,0.000225332406953683,256,relu,38.178234,0.856551,34.44951629638672,0.5230090618133545
LSTM-EntityEmbedding-HBO,retail_inventory_daily,Units Sold,14,S005,P0013,30,128,0.25624440198425424,0.000225332406953683,256,relu,40.54072,0.74985343,47.49215316772461,0.5468628406524658
LSTM-EntityEmbedding-HBO,retail_inventory_daily,Units Sold,14,S005,P0014,30,128,0.25624440198425424,0.000225332406953683,256,relu,39.5281,0.77383363,31.22083282470703,0.6852890253067017
LSTM-EntityEmbedding-HBO,retail_inventory_daily,Units Sold,14,S005,P0015,30,128,0.25624440198425424,0.000225332406953683,256,relu,39.36763,0.7520884,43.428306579589844,0.7288426756858826
LSTM-EntityEmbedding-HBO,retail_inventory_daily,Units Sold,14,S005,P0016,30,128,0.25624440198425424,0.000225332406953683,256,relu,51.165802,0.8572714,45.20561218261719,0.9383425712585449
LSTM-EntityEmbedding-HBO,retail_inventory_daily,Units Sold,14,S005,P0017,30,128,0.25624440198425424,0.000225332406953683,256,relu,45.75836,0.8523289,40.59415817260742,0.7631304264068604
LSTM-EntityEmbedding-HBO,retail_inventory_daily,Units Sold,14,S005,P0018,30,128,0.25624440198425424,0.000225332406953683,256,relu,29.623491,0.67984796,34.102657318115234,0.3681867718696594
LSTM-EntityEmbedding-HBO,retail_inventory_daily,Units Sold,14,S005,P0019,30,128,0.25624440198425424,0.000225332406953683,256,relu,42.93347,0.860976,31.635822296142578,0.5691255331039429
LSTM-EntityEmbedding-HBO,retail_inventory_daily,Units Sold,14,S005,P0020,30,128,0.25624440198425424,0.000225332406953683,256,relu,38.687054,0.74089813,32.531402587890625,0.629193902015686
LSTM-EntityEmbedding-HBO,retail_inventory_daily,Units Sold,28,S001,P0001,30,128,0.25624440198425424,0.000225332406953683,256,relu,36.494274,0.8784666,39.117820739746094,0.4836559593677521
LSTM-EntityEmbedding-HBO,retail_inventory_daily,Units Sold,28,S001,P0002,30,128,0.25624440198425424,0.000225332406953683,256,relu,29.927181,0.6666336,35.15094757080078,0.44396349787712097
LSTM-EntityEmbedding-HBO,retail_inventory_daily,Units Sold,28,S001,P0003,30,128,0.25624440198425424,0.000225332406953683,256,relu,33.703854,0.6790225,45.73717498779297,0.5400580167770386
LSTM-EntityEmbedding-HBO,retail_inventory_daily,Units Sold,28,S001,P0004,30,128,0.25624440198425424,0.000225332406953683,256,relu,41.84274,0.83544284,37.06595230102539,0.7402318716049194
LSTM-EntityEmbedding-HBO,retail_inventory_daily,Units Sold,28,S001,P0005,30,128,0.25624440198425424,0.000225332406953683,256,relu,35.973137,0.7145781,42.079681396484375,0.4637211263179779
LSTM-EntityEmbedding-HBO,retail_inventory_daily,Units Sold,28,S001,P0006,30,128,0.25624440198425424,0.000225332406953683,256,relu,51.32631,0.8269877,47.1616096496582,0.9787203669548035
LSTM-EntityEmbedding-HBO,retail_inventory_daily,Units Sold,28,S001,P0007,30,128,0.25624440198425424,0.000225332406953683,256,relu,45.134216,0.8696426,54.38754653930664,0.6658673882484436
LSTM-EntityEmbedding-HBO,retail_inventory_daily,Units Sold,28,S001,P0008,30,128,0.25624440198425424,0.000225332406953683,256,relu,32.896217,0.7284369,30.765583038330078,0.4502805769443512
LSTM-EntityEmbedding-HBO,retail_inventory_daily,Units Sold,28,S001,P0009,30,128,0.25624440198425424,0.000225332406953683,256,relu,32.97986,0.8849043,46.995540618896484,0.4352741539478302
LSTM-EntityEmbedding-HBO,retail_inventory_daily,Units Sold,28,S001,P0010,30,128,0.25624440198425424,0.000225332406953683,256,relu,34.164886,0.7226511,29.525043487548828,0.47190311551094055
LSTM-EntityEmbedding-HBO,retail_inventory_daily,Units Sold,28,S001,P0011,30,128,0.25624440198425424,0.000225332406953683,256,relu,40.763836,0.8373233,33.297237396240234,0.5512170791625977
LSTM-EntityEmbedding-HBO,retail_inventory_daily,Units Sold,28,S001,P0012,30,128,0.25624440198425424,0.000225332406953683,256,relu,37.8149,0.7402023,44.551429748535156,0.5692571997642517
LSTM-EntityEmbedding-HBO,retail_inventory_daily,Units Sold,28,S001,P0013,30,128,0.25624440198425424,0.000225332406953683,256,relu,44.9491,0.85017353,37.330711364746094,0.678017795085907
LSTM-EntityEmbedding-HBO,retail_inventory_daily,Units Sold,28,S001,P0014,30,128,0.25624440198425424,0.000225332406953683,256,relu,39.25777,0.7677459,45.361114501953125,0.6054509878158569
LSTM-EntityEmbedding-HBO,retail_inventory_daily,Units Sold,28,S001,P0015,30,128,0.25624440198425424,0.000225332406953683,256,relu,40.101658,0.78415,35.36396789550781,0.6445352435112
LSTM-EntityEmbedding-HBO,retail_inventory_daily,Units Sold,28,S001,P0016,30,128,0.25624440198425424,0.000225332406953683,256,relu,41.896336,0.71342456,50.04864501953125,0.7587882280349731
LSTM-EntityEmbedding-HBO,retail_inventory_daily,Units Sold,28,S001,P0017,30,128,0.25624440198425424,0.000225332406953683,256,relu,45.533985,0.86415213,36.04564666748047,0.7471253871917725
LSTM-EntityEmbedding-HBO,retail_inventory_daily,Units Sold,28,S001,P0018,30,128,0.25624440198425424,0.000225332406953683,256,relu,35.46618,0.8333688,40.3040771484375,0.4727921485900879
LSTM-EntityEmbedding-HBO,retail_inventory_daily,Units Sold,28,S001,P0019,30,128,0.25624440198425424,0.000225332406953683,256,relu,42.390133,0.9143705,30.132822036743164,0.5973528623580933
LSTM-EntityEmbedding-HBO,retail_inventory_daily,Units Sold,28,S001,P0020,30,128,0.25624440198425424,0.000225332406953683,256,relu,44.960205,0.8063804,33.002132415771484,0.6491214632987976
LSTM-EntityEmbedding-HBO,retail_inventory_daily,Units Sold,28,S002,P0001,30,128,0.25624440198425424,0.000225332406953683,256,relu,42.2296,0.81758386,52.60921859741211,0.603980302810669
LSTM-EntityEmbedding-HBO,retail_inventory_daily,Units Sold,28,S002,P0002,30,128,0.25624440198425424,0.000225332406953683,256,relu,47.055794,0.842609,43.68351745605469,0.6770341396331787
LSTM-EntityEmbedding-HBO,retail_inventory_daily,Units Sold,28,S002,P0003,30,128,0.25624440198425424,0.000225332406953683,256,relu,42.70365,0.8019454,46.15842819213867,0.6783269643783569
LSTM-EntityEmbedding-HBO,retail_inventory_daily,Units Sold,28,S002,P0004,30,128,0.25624440198425424,0.000225332406953683,256,relu,34.726067,0.71257585,42.05207443237305,0.4509337544441223
LSTM-EntityEmbedding-HBO,retail_inventory_daily,Units Sold,28,S002,P0005,30,128,0.25624440198425424,0.000225332406953683,256,relu,39.331116,0.79814327,39.36819076538086,0.5373638868331909
LSTM-EntityEmbedding-HBO,retail_inventory_daily,Units Sold,28,S002,P0006,30,128,0.25624440198425424,0.000225332406953683,256,relu,29.884201,0.75946605,33.690185546875,0.42537403106689453
LSTM-EntityEmbedding-HBO,retail_inventory_daily,Units Sold,28,S002,P0007,30,128,0.25624440198425424,0.000225332406953683,256,relu,50.506847,0.9191096,43.902191162109375,0.7577860951423645
LSTM-EntityEmbedding-HBO,retail_inventory_daily,Units Sold,28,S002,P0008,30,128,0.25624440198425424,0.000225332406953683,256,relu,34.686577,0.7771708,39.03815841674805,0.4820753335952759
LSTM-EntityEmbedding-HBO,retail_inventory_daily,Units Sold,28,S002,P0009,30,128,0.25624440198425424,0.000225332406953683,256,relu,36.552757,0.7673219,42.92905807495117,0.48520490527153015
LSTM-EntityEmbedding-HBO,retail_inventory_daily,Units Sold,28,S002,P0010,30,128,0.25624440198425424,0.000225332406953683,256,relu,30.049463,0.76865035,35.729957580566406,0.36976000666618347
LSTM-EntityEmbedding-HBO,retail_inventory_daily,Units Sold,28,S002,P0011,30,128,0.25624440198425424,0.000225332406953683,256,relu,42.31354,0.7617812,50.19631576538086,0.9235529899597168
LSTM-EntityEmbedding-HBO,retail_inventory_daily,Units Sold,28,S002,P0012,30,128,0.25624440198425424,0.000225332406953683,256,relu,35.0106,0.69542825,35.598968505859375,0.49624061584472656
LSTM-EntityEmbedding-HBO,retail_inventory_daily,Units Sold,28,S002,P0013,30,128,0.25624440198425424,0.000225332406953683,256,relu,43.331642,0.7215263,49.05713653564453,0.73878413438797
LSTM-EntityEmbedding-HBO,retail_inventory_daily,Units Sold,28,S002,P0014,30,128,0.25624440198425424,0.000225332406953683,256,relu,48.33139,0.95583844,44.4371337890625,0.8652212619781494
LSTM-EntityEmbedding-HBO,retail_inventory_daily,Units Sold,28,S002,P0015,30,128,0.25624440198425424,0.000225332406953683,256,relu,35.571953,0.72386956,43.15443801879883,0.822646975517273
LSTM-EntityEmbedding-HBO,retail_inventory_daily,Units Sold,28,S002,P0016,30,128,0.25624440198425424,0.000225332406953683,256,relu,36.373665,0.8037654,42.2221565246582,0.6593729257583618
LSTM-EntityEmbedding-HBO,retail_inventory_daily,Units Sold,28,S002,P0017,30,128,0.25624440198425424,0.000225332406953683,256,relu,50.53621,0.82904637,44.7194938659668,0.9018581509590149
LSTM-EntityEmbedding-HBO,retail_inventory_daily,Units Sold,28,S002,P0018,30,128,0.25624440198425424,0.000225332406953683,256,relu,30.780756,0.77256393,30.78510856628418,0.42815646529197693
LSTM-EntityEmbedding-HBO,retail_inventory_daily,Units Sold,28,S002,P0019,30,128,0.25624440198425424,0.000225332406953683,256,relu,33.5642,0.6897904,38.713905334472656,0.6682254076004028
LSTM-EntityEmbedding-HBO,retail_inventory_daily,Units Sold,28,S002,P0020,30,128,0.25624440198425424,0.000225332406953683,256,relu,43.785545,0.88338757,32.544315338134766,0.5601363778114319
LSTM-EntityEmbedding-HBO,retail_inventory_daily,Units Sold,28,S003,P0001,30,128,0.25624440198425424,0.000225332406953683,256,relu,51.19796,0.89638245,44.519927978515625,0.9843066334724426
LSTM-EntityEmbedding-HBO,retail_inventory_daily,Units Sold,28,S003,P0002,30,128,0.25624440198425424,0.000225332406953683,256,relu,44.69608,0.83083737,51.67456817626953,0.7884195446968079
LSTM-EntityEmbedding-HBO,retail_inventory_daily,Units Sold,28,S003,P0003,30,128,0.25624440198425424,0.000225332406953683,256,relu,35.654976,0.85068727,37.737220764160156,0.537933886051178
LSTM-EntityEmbedding-HBO,retail_inventory_daily,Units Sold,28,S003,P0004,30,128,0.25624440198425424,0.000225332406953683,256,relu,41.92274,0.8683047,52.32468032836914,0.7754499912261963
LSTM-EntityEmbedding-HBO,retail_inventory_daily,Units Sold,28,S003,P0005,30,128,0.25624440198425424,0.000225332406953683,256,relu,49.765064,0.8355415,45.82379150390625,0.881449282169342
LSTM-EntityEmbedding-HBO,retail_inventory_daily,Units Sold,28,S003,P0006,30,128,0.25624440198425424,0.000225332406953683,256,relu,41.436966,0.8351625,35.9708251953125,0.6601191759109497
LSTM-EntityEmbedding-HBO,retail_inventory_daily,Units Sold,28,S003,P0007,30,128,0.25624440198425424,0.000225332406953683,256,relu,35.343105,0.71850497,45.22684097290039,0.5240160822868347
LSTM-EntityEmbedding-HBO,retail_inventory_daily,Units Sold,28,S003,P0008,30,128,0.25624440198425424,0.000225332406953683,256,relu,30.672688,0.72697514,38.57493209838867,0.3668496608734131
LSTM-EntityEmbedding-HBO,retail_inventory_daily,Units Sold,28,S003,P0009,30,128,0.25624440198425424,0.000225332406953683,256,relu,34.45255,0.831022,38.51866912841797,0.463331401348114
LSTM-EntityEmbedding-HBO,retail_inventory_daily,Units Sold,28,S003,P0010,30,128,0.25624440198425424,0.000225332406953683,256,relu,32.953403,0.7427778,36.53631591796875,0.5283828377723694
LSTM-EntityEmbedding-HBO,retail_inventory_daily,Units Sold,28,S003,P0011,30,128,0.25624440198425424,0.000225332406953683,256,relu,43.815826,0.83426404,44.51420974731445,1.0109220743179321
LSTM-EntityEmbedding-HBO,retail_inventory_daily,Units Sold,28,S003,P0012,30,128,0.25624440198425424,0.000225332406953683,256,relu,40.307095,0.8045143,31.84239959716797,0.6939024329185486
LSTM-EntityEmbedding-HBO,retail_inventory_daily,Units Sold,28,S003,P0013,30,128,0.25624440198425424,0.000225332406953683,256,relu,40.158394,0.720549,46.63381576538086,0.9233531951904297
LSTM-EntityEmbedding-HBO,retail_inventory_daily,Units Sold,28,S003,P0014,30,128,0.25624440198425424,0.000225332406953683,256,relu,35.243587,0.80086476,44.65933609008789,0.4455716013908386
LSTM-EntityEmbedding-HBO,retail_inventory_daily,Units Sold,28,S003,P0015,30,128,0.25624440198425424,0.000225332406953683,256,relu,40.82698,0.729415,45.783363342285156,0.8388177752494812
LSTM-EntityEmbedding-HBO,retail_inventory_daily,Units Sold,28,S003,P0016,30,128,0.25624440198425424,0.000225332406953683,256,relu,36.844017,0.71469975,42.896514892578125,0.5092978477478027
LSTM-EntityEmbedding-HBO,retail_inventory_daily,Units Sold,28,S003,P0017,30,128,0.25624440198425424,0.000225332406953683,256,relu,42.302696,0.8408127,32.1320915222168,0.7590090036392212
LSTM-EntityEmbedding-HBO,retail_inventory_daily,Units Sold,28,S003,P0018,30,128,0.25624440198425424,0.000225332406953683,256,relu,41.799686,0.87675893,31.653291702270508,0.5596396327018738
LSTM-EntityEmbedding-HBO,retail_inventory_daily,Units Sold,28,S003,P0019,30,128,0.25624440198425424,0.000225332406953683,256,relu,26.44538,0.619106,30.358572006225586,0.38475537300109863
LSTM-EntityEmbedding-HBO,retail_inventory_daily,Units Sold,28,S003,P0020,30,128,0.25624440198425424,0.000225332406953683,256,relu,29.792303,0.71618086,45.45220947265625,0.39024618268013
LSTM-EntityEmbedding-HBO,retail_inventory_daily,Units Sold,28,S004,P0001,30,128,0.25624440198425424,0.000225332406953683,256,relu,41.36905,0.8156371,49.7978401184082,0.8493750095367432
LSTM-EntityEmbedding-HBO,retail_inventory_daily,Units Sold,28,S004,P0002,30,128,0.25624440198425424,0.000225332406953683,256,relu,45.22782,0.7909296,49.05787658691406,0.8442102670669556
LSTM-EntityEmbedding-HBO,retail_inventory_daily,Units Sold,28,S004,P0003,30,128,0.25624440198425424,0.000225332406953683,256,relu,44.228477,0.9544236,39.41883087158203,0.6182798147201538
LSTM-EntityEmbedding-HBO,retail_inventory_daily,Units Sold,28,S004,P0004,30,128,0.25624440198425424,0.000225332406953683,256,relu,39.653404,0.7737076,49.9137077331543,0.783970057964325
LSTM-EntityEmbedding-HBO,retail_inventory_daily,Units Sold,28,S004,P0005,30,128,0.25624440198425424,0.000225332406953683,256,relu,32.226852,0.78937554,34.461700439453125,0.4289790987968445
LSTM-EntityEmbedding-HBO,retail_inventory_daily,Units Sold,28,S004,P0006,30,128,0.25624440198425424,0.000225332406953683,256,relu,37.14727,0.6685786,41.99715042114258,0.5261456370353699
LSTM-EntityEmbedding-HBO,retail_inventory_daily,Units Sold,28,S004,P0007,30,128,0.25624440198425424,0.000225332406953683,256,relu,40.266895,0.83634025,50.08025360107422,0.5732876062393188
LSTM-EntityEmbedding-HBO,retail_inventory_daily,Units Sold,28,S004,P0008,30,128,0.25624440198425424,0.000225332406953683,256,relu,39.335514,0.8678833,27.887758255004883,0.5525477528572083
LSTM-EntityEmbedding-HBO,retail_inventory_daily,Units Sold,28,S004,P0009,30,128,0.25624440198425424,0.000225332406953683,256,relu,36.042274,0.7125646,40.66469955444336,0.8225646018981934
LSTM-EntityEmbedding-HBO,retail_inventory_daily,Units Sold,28,S004,P0010,30,128,0.25624440198425424,0.000225332406953683,256,relu,41.57948,0.7818794,50.01221466064453,0.6521536111831665
LSTM-EntityEmbedding-HBO,retail_inventory_daily,Units Sold,28,S004,P0011,30,128,0.25624440198425424,0.000225332406953683,256,relu,36.10374,0.78658575,50.46099853515625,0.5035631060600281
LSTM-EntityEmbedding-HBO,retail_inventory_daily,Units Sold,28,S004,P0012,30,128,0.25624440198425424,0.000225332406953683,256,relu,33.23959,0.88249624,33.443416595458984,0.4126233458518982
LSTM-EntityEmbedding-HBO,retail_inventory_daily,Units Sold,28,S004,P0013,30,128,0.25624440198425424,0.000225332406953683,256,relu,42.877094,0.78599674,51.205936431884766,0.7339413166046143
LSTM-EntityEmbedding-HBO,retail_inventory_daily,Units Sold,28,S004,P0014,30,128,0.25624440198425424,0.000225332406953683,256,relu,42.980713,0.8316293,34.20160675048828,0.591774046421051
LSTM-EntityEmbedding-HBO,retail_inventory_daily,Units Sold,28,S004,P0015,30,128,0.25624440198425424,0.000225332406953683,256,relu,44.715725,0.8469036,33.328678131103516,0.615501880645752
LSTM-EntityEmbedding-HBO,retail_inventory_daily,Units Sold,28,S004,P0016,30,128,0.25624440198425424,0.000225332406953683,256,relu,42.20259,0.7965198,32.3080940246582,0.7469167113304138
LSTM-EntityEmbedding-HBO,retail_inventory_daily,Units Sold,28,S004,P0017,30,128,0.25624440198425424,0.000225332406953683,256,relu,28.289812,0.692102,32.77910232543945,0.40245258808135986
LSTM-EntityEmbedding-HBO,retail_inventory_daily,Units Sold,28,S004,P0018,30,128,0.25624440198425424,0.000225332406953683,256,relu,36.635662,0.77041405,26.30061149597168,0.5491153597831726
LSTM-EntityEmbedding-HBO,retail_inventory_daily,Units Sold,28,S004,P0019,30,128,0.25624440198425424,0.000225332406953683,256,relu,28.12875,0.71431,34.841861724853516,0.41459932923316956
LSTM-EntityEmbedding-HBO,retail_inventory_daily,Units Sold,28,S004,P0020,30,128,0.25624440198425424,0.000225332406953683,256,relu,43.81311,0.8284934,33.085323333740234,0.7664506435394287
LSTM-EntityEmbedding-HBO,retail_inventory_daily,Units Sold,28,S005,P0001,30,128,0.25624440198425424,0.000225332406953683,256,relu,41.795506,0.7757363,45.785133361816406,0.8022662401199341
LSTM-EntityEmbedding-HBO,retail_inventory_daily,Units Sold,28,S005,P0002,30,128,0.25624440198425424,0.000225332406953683,256,relu,38.382202,0.8116168,40.21683120727539,0.4913078248500824
LSTM-EntityEmbedding-HBO,retail_inventory_daily,Units Sold,28,S005,P0003,30,128,0.25624440198425424,0.000225332406953683,256,relu,44.84024,0.86376685,40.610713958740234,0.7412197589874268
LSTM-EntityEmbedding-HBO,retail_inventory_daily,Units Sold,28,S005,P0004,30,128,0.25624440198425424,0.000225332406953683,256,relu,35.322197,0.8357262,41.23087692260742,0.49836283922195435
LSTM-EntityEmbedding-HBO,retail_inventory_daily,Units Sold,28,S005,P0005,30,128,0.25624440198425424,0.000225332406953683,256,relu,37.373184,0.73006415,42.285404205322266,0.8587439060211182
LSTM-EntityEmbedding-HBO,retail_inventory_daily,Units Sold,28,S005,P0006,30,128,0.25624440198425424,0.000225332406953683,256,relu,39.514263,0.7807427,50.87979507446289,0.7184041738510132
LSTM-EntityEmbedding-HBO,retail_inventory_daily,Units Sold,28,S005,P0007,30,128,0.25624440198425424,0.000225332406953683,256,relu,38.596035,0.78417087,47.19265365600586,0.5373576879501343
LSTM-EntityEmbedding-HBO,retail_inventory_daily,Units Sold,28,S005,P0008,30,128,0.25624440198425424,0.000225332406953683,256,relu,31.60285,0.7248131,35.48347473144531,0.4269988536834717
LSTM-EntityEmbedding-HBO,retail_inventory_daily,Units Sold,28,S005,P0009,30,128,0.25624440198425424,0.000225332406953683,256,relu,39.24749,0.7996468,47.512821197509766,0.8594797849655151
LSTM-EntityEmbedding-HBO,retail_inventory_daily,Units Sold,28,S005,P0010,30,128,0.25624440198425424,0.000225332406953683,256,relu,38.426918,0.7542575,46.73585510253906,0.5115315914154053
LSTM-EntityEmbedding-HBO,retail_inventory_daily,Units Sold,28,S005,P0011,30,128,0.25624440198425424,0.000225332406953683,256,relu,43.724655,0.92275935,42.95553970336914,0.7888169288635254
LSTM-EntityEmbedding-HBO,retail_inventory_daily,Units Sold,28,S005,P0012,30,128,0.25624440198425424,0.000225332406953683,256,relu,37.043655,0.83116806,33.67732620239258,0.5237235426902771
LSTM-EntityEmbedding-HBO,retail_inventory_daily,Units Sold,28,S005,P0013,30,128,0.25624440198425424,0.000225332406953683,256,relu,42.673916,0.8097544,50.98731231689453,0.5863559246063232
LSTM-EntityEmbedding-HBO,retail_inventory_daily,Units Sold,28,S005,P0014,30,128,0.25624440198425424,0.000225332406953683,256,relu,40.84046,0.80908877,32.120094299316406,0.7018831372261047
LSTM-EntityEmbedding-HBO,retail_inventory_daily,Units Sold,28,S005,P0015,30,128,0.25624440198425424,0.000225332406953683,256,relu,41.709118,0.8135553,45.52891540527344,0.7484434843063354
LSTM-EntityEmbedding-HBO,retail_inventory_daily,Units Sold,28,S005,P0016,30,128,0.25624440198425424,0.000225332406953683,256,relu,49.969143,0.84209204,44.60614776611328,0.9422241449356079
LSTM-EntityEmbedding-HBO,retail_inventory_daily,Units Sold,28,S005,P0017,30,128,0.25624440198425424,0.000225332406953683,256,relu,46.535934,0.86786914,40.10280990600586,0.7664498686790466
LSTM-EntityEmbedding-HBO,retail_inventory_daily,Units Sold,28,S005,P0018,30,128,0.25624440198425424,0.000225332406953683,256,relu,29.759296,0.68293947,34.021636962890625,0.36970600485801697
LSTM-EntityEmbedding-HBO,retail_inventory_daily,Units Sold,28,S005,P0019,30,128,0.25624440198425424,0.000225332406953683,256,relu,43.032284,0.8646454,31.74584197998047,0.5788978338241577
LSTM-EntityEmbedding-HBO,retail_inventory_daily,Units Sold,28,S005,P0020,30,128,0.25624440198425424,0.000225332406953683,256,relu,39.20583,0.7566775,32.97725296020508,0.6345932483673096
